,id
2,8461735141
18,8458567498
31,8456770626
42,8450892039
58,8449325870
72,8448961923
90,8447715678
104,8447103373
117,8446788561
133,8446405148
144,7944311818
145,7944174632
146,7944065089
147,7943810234
148,7943704335
149,7943623713
150,7942767036
151,7942638105
152,7942490677
153,7942358571
154,7942208056
155,7942136774
156,7942030630
157,7941965902
158,7941236956
159,7941137970
160,7940981142
161,7940884177
162,7940718744
163,7940653890
164,7940546722
165,7940501580
166,7937293101
167,7937235680
168,7937136410
169,7937026070
170,7936911418
171,7936796980
172,7936701967
173,7936609569
174,7936520519
175,7936468334
176,7936398486
177,7935724693
178,7935628244
179,7935519998
180,7935409271
181,7935308931
182,7935234871
183,7935152091
184,7935087384
185,7935041049
186,7934359821
187,7934252472
188,7934129660
189,7933944690
190,7933833565
191,7933710437
192,7933607087
193,7933540966
194,7933465064
195,7932744081
196,7932637495
197,7932554733
198,7932411449
199,7932276041
200,7932133662
201,7932026809
202,7931926847
203,7931849156
204,7931767717
205,7931106306
206,7930995251
207,7930893265
208,7930776393
209,7930666447
210,7930529022
211,7930461959
212,7930378771
213,7930304864
214,7930252755
215,7929598163
216,7929556224
217,7929545363
218,7929405044
219,7929316152
220,7929314904
221,7929250556
222,7929199194
223,7929188090
224,7929170690
225,7929126875
226,7929087653
227,7929080268
228,7929057445
229,7929024760
230,7929019186
231,7929005346
232,7928969814
233,7928964450
234,7928957343
235,7928927852
236,7928915377
237,7928396832
238,7928380785
239,7928364306
240,7928291791
241,7928291729
242,7928288761
243,7928205327
244,7928200136
245,7928185091
246,7928115077
247,7928100793
248,7928077736
249,7928009336
250,7928006446
251,7927995323
252,7927914488
253,7927906150
254,7927895267
255,7927835333
256,7927826080
257,7927814402
258,7927766744
259,7927758752
260,7927758213
261,7927718184
262,7927715273
263,7927711289
264,7927665254
265,7927665228
266,7927665226
267,8401081219
268,8400978881
269,8400889142
270,8400804784
271,8400702503
272,8400594503
273,8400528634
274,8399572812
275,8399478592
276,8399395274
277,8399312388
278,8399234434
279,8399138071
280,8399069725
281,8399002603
282,8398937779
283,8398342136
284,8398224091
285,8398117370
286,8398038407
287,8397916998
288,8397830316
289,8397762037
290,8397698062
291,8397648250
292,8397605965
293,8397080022
294,8396812326
295,8396708130
296,8396647993
297,8396565081
298,8396483277
299,8396410029
300,8396360258
301,8396318798
302,8395269156
303,8395247968
304,8395216971
305,8395205594
306,8395166973
307,8395159337
308,8395122290
309,8395110761
310,8395089062
311,8395069663
312,8395036601
313,8395032932
314,8394985299
315,8394984170
316,8394236611
317,8394170729
318,8394149145
319,8394100070
320,8394056329
321,8394004720
322,8393997734
323,8393938493
324,8393936614
325,8393882299
326,8393873756
327,8393819593
328,8393817141
329,8393772442
330,8393767215
331,8393728241
332,8393728114
333,8393691152
334,8393686593
335,8393651518
336,8393647341
337,8392674471
338,8392611784
339,8392583515
340,8392541266
341,8392528607
342,8392483273
343,8392458387
344,8392438234
345,8392421360
346,8392390684
347,8392385254
348,8392352902
349,8392339200
350,8392306732
351,8392295840
366,8376851427
382,8371514783
398,8369888320
414,8367767103
429,8366657083
441,8354699290
442,8354567282
443,8354480694
444,8354382213
445,8354257768
446,8354175878
447,8353359130
448,8353262933
449,8353157647
450,8353058756
451,8352960592
452,8352883265
453,8352813519
454,8352741566
455,8352677382
456,8351977685
457,8351873273
458,8351766645
459,8351671662
460,8351581412
461,8351493416
462,8351434122
463,8351376797
464,8351333765
465,8350860469
466,8350783354
467,8350698344
468,8350615853
469,8350525703
470,8350406925
471,8350324469
472,8350256686
473,8350191116
474,8350133577
475,8350065447
476,8349374547
477,8349274933
478,8349178884
479,8349062942
480,8348987197
481,8348928549
482,8348856467
483,8348814462
484,8348169109
485,8348061758
486,8347988030
487,8347930251
488,8347888740
489,8347812621
490,8347800900
491,8347728041
492,8347720251
493,8347662424
494,8347641930
495,8347599405
496,8347598015
497,8347555803
498,8347555793
499,8346893969
500,8346867930
501,8346781135
502,8346775035
503,8346681807
504,8346674422
505,8346579796
506,8346565970
507,8346502952
508,8346490774
509,8346430978
510,8346422039
511,8346379709
512,8346376080
513,8346334592
514,8346321736
515,8346288794
516,8346288771
517,8345591696
518,8345524901
519,8345496865
520,8345450484
521,8345443681
522,8345339046
523,8345336921
524,8345245687
525,8345242715
526,8345152574
527,8345140225
528,8345073843
529,8345062950
530,8345002924
531,8344986665
532,8344929486
533,8344921523
534,8344851804
535,8344851788
536,8344225364
537,8344181922
538,8344143132
539,8344105841
540,8344053978
541,8344009421
542,8343936640
543,8343915886
544,8343820821
545,8343813326
546,8343717060
547,8343705315
548,8343640986
549,8343631881
550,8343581768
551,8343556598
552,8343509938
553,8343485696
554,8343435301
555,8343426799
556,8343373252
557,8343373163
578,8312893959
610,8308860629
642,8304252478
693,8301640076
757,8299264305
760,8289695614
761,8289588109
762,8289464698
763,8289346025
764,8288223737
765,8288110586
766,8287910379
767,8287784252
768,8286728215
769,8286655511
770,8286497958
771,8286388744
772,8285634264
773,8285560482
774,8285493861
775,8285367470
776,8285282661
777,8285119302
778,8284286527
779,8284211318
780,8284101259
781,8284050943
782,8283895051
783,8283068943
784,8283008349
785,8282989811
786,8282931900
787,8282909694
788,8282852894
789,8282813621
790,8282766915
791,8282738176
792,8282687386
793,8282647431
794,8282617577
795,8282581557
796,8282562220
797,8282520160
798,8282518155
799,8282469586
800,8282466317
801,8282426352
802,8282424211
803,8271320048
804,8271224406
805,8271103518
806,8270983304
807,8270889523
808,8270701730
809,8270636459
810,8270074047
811,8269971961
812,8269883556
813,8269797398
814,8269676933
815,8269575719
816,8269487199
817,8269406691
818,8269317305
819,8269256982
820,8269185150
821,8268628762
822,8268537458
823,8268439526
824,8268341739
825,8268215993
826,8268118234
827,8268051434
828,8268001532
829,8267941933
830,8267884608
831,8267291299
832,8267177847
833,8267098354
834,8266997760
835,8266926541
836,8266865035
837,8266811718
838,8266754563
839,8266713450
840,8265842142
841,8265765707
842,8265699842
843,8265651162
844,8265596440
845,8265556672
846,8264905771
847,8264802865
848,8264766445
849,8264710589
850,8264688137
851,8264635798
852,8264593441
853,8264567058
854,8264533747
855,8264492499
856,8264482418
857,8264431247
858,8264426709
859,8264388448
860,8264388384
861,8263883193
862,8263784977
863,8263722771
864,8263670960
865,8263615031
866,8263573962
867,8263508529
868,8263478361
869,8263438413
870,8263423565
871,8263380750
872,8263336841
873,8263323811
874,8263271927
875,8263271273
876,8263228818
877,8263220936
878,8263188126
879,8263188088
880,8262544526
881,8262481311
882,8262435050
883,8262355859
884,8262319980
885,8262262487
886,8262234049
887,8262173274
888,8262139890
889,8262101590
890,8262062332
891,8262023025
892,8261983795
893,8261950535
894,8261906108
895,8261900521
896,8261832223
897,8261832176
898,8261324016
899,8261208455
900,8261097962
901,8261079483
902,8260992196
903,8260982716
904,8260894253
905,8260851339
906,8260793281
907,8260757598
908,8260697818
909,8260668978
910,8260617860
911,8260595904
912,8260549063
913,8260520686
914,8260472131
915,8260448757
916,8260393036
917,8260392197
959,8248174415
1007,8245815192
1008,8216905041
1009,8216806612
1010,8216689891
1011,8216547976
1012,8216362560
1013,8216274527
1014,8215558076
1015,8215476026
1016,8215366177
1017,8215196222
1018,8215072930
1019,8214981397
1020,8214882914
1021,8214815404
1022,8214704203
1023,8214634008
1024,8214151207
1025,8214023491
1026,8213792937
1027,8213673199
1028,8213551504
1029,8213465836
1030,8213402539
1031,8213323545
1032,8213279829
1033,8213219488
1034,8212701685
1035,8212611306
1036,8212525165
1037,8212420159
1038,8212307618
1039,8212197855
1040,8212111878
1041,8212044680
1042,8211992469
1043,8211943918
1044,8211043335
1045,8210928862
1046,8210840286
1047,8210774204
1048,8210731912
1049,8210666453
1050,8209912301
1051,8209859326
1052,8209813804
1053,8209728559
1054,8209707363
1055,8209637479
1056,8209590208
1057,8209573340
1058,8209507662
1059,8209503483
1060,8209457835
1061,8209454775
1062,8209412397
1063,8209410527
1064,8208799154
1065,8208722061
1066,8208709408
1067,8208616510
1068,8208615303
1069,8208515724
1070,8208483958
1071,8208407309
1072,8208396000
1073,8208328257
1074,8208324872
1075,8208265637
1076,8208259205
1077,8208202202
1078,8208196614
1079,8208151727
1080,8208151112
1081,8207728873
1082,8207717670
1083,8207663027
1084,8207629824
1085,8207568805
1086,8207545681
1087,8207487821
1088,8207439622
1089,8207408904
1090,8207340815
1091,8207316087
1092,8207227338
1093,8207209254
1094,8207111865
1095,8207070503
1096,8207015157
1097,8206934001
1098,8206894484
1099,8206802365
1100,8206800696
1101,8206726486
1102,8206721926
1103,8205911089
1104,8205825844
1105,8205805007
1106,8205691679
1107,8205685679
1108,8205590613
1109,8205553550
1110,8205497202
1111,8205465591
1112,8205418745
1113,8205397821
1114,8205361261
1115,8205340482
1116,8205286610
1117,8205272217
1118,8205211360
1119,8205206446
1122,8198212927
1174,8187923027
1200,8182907583
1201,8182791788
1202,8182654920
1203,8182543107
1204,8182423670
1205,8181545391
1206,8181539594
1207,8181522405
1208,8181514705
1209,8181445296
1210,8181420740
1211,8181406947
1212,8181400323
1213,8181307882
1214,8181284015
1215,8181275866
1216,8181273873
1217,8181185346
1218,8181171260
1219,8181166277
1220,8181154673
1221,8179905694
1222,8179852572
1223,8179825453
1224,8179820296
1225,8179818758
1226,8179754432
1227,8179747680
1228,8179735864
1229,8179727963
1230,8179680428
1231,8179644342
1232,8179639324
1233,8179632650
1234,8179557618
1235,8179529448
1236,8179526188
1237,8179504218
1238,8179426172
1239,8179420583
1240,8179388679
1241,8179356848
1242,8179315610
1243,8179312828
1244,8179295960
1245,8179215784
1246,8179201399
1247,8179198444
1248,8179191377
1249,8179129826
1250,8179129689
1251,8179125294
1252,8179123839
1253,8178594096
1254,8178521185
1255,8178503846
1256,8178498792
1257,8178495419
1258,8178449560
1259,8178427331
1260,8178416582
1261,8178396014
1262,8178336438
1263,8178331701
1264,8178293395
1265,8178287873
1266,8178223689
1267,8178217730
1268,8178209050
1269,8178198896
1270,8178089669
1271,8178082411
1272,8178071101
1273,8178054279
1274,8177993088
1275,8177979992
1276,8177972205
1277,8177966388
1278,8177873642
1279,8177872455
1280,8177857062
1281,8177855729
1282,8177795894
1283,8177795770
1284,8177793345
1285,8177788900
1286,8177179626
1287,8177175505
1288,8177162198
1289,8177140322
1290,8177098226
1291,8177094101
1292,8177081974
1293,8177042833
1294,8176998187
1295,8176972698
1296,8176962465
1297,8176953517
1298,8176866692
1299,8176853920
1300,8176853300
1301,8176853271
1302,8176738386
1303,8176702303
1304,8176691519
1305,8176690425
1306,8176593686
1307,8176568607
1308,8176568556
1309,8176544132
1310,8176424546
1311,8176421766
1312,8176419599
1313,8176418029
1314,8176333219
1315,8176331185
1316,8176324556
1317,8176318378
1318,8167026758
1319,8166926204
1320,8166786518
1321,8165579487
1322,8165439859
1323,8165299759
1324,8165179774
1325,8165034195
1326,8163906923
1327,8163850148
1328,8163703042
1329,8163591582
1330,8163474975
1331,8162617010
1332,8162545060
1333,8162405860
1334,8162289260
1335,8162191607
1336,8162009134
1337,8161073030
1338,8160957815
1339,8160817625
1340,8160739649
1341,8159714075
1342,8159639220
1343,8159638777
1344,8159563182
1345,8159555596
1346,8159486926
1347,8159445429
1348,8159395626
1349,8159343473
1350,8159295213
1351,8159241688
1352,8159211297
1353,8159143130
1354,8159140708
1355,8159068716
1356,8159047339
1357,8159015376
1358,8158998679
1359,8158957269
1360,8158956336
1361,8157135083
1362,8157051075
1363,8156955775
1364,8156823991
1365,8156671486
1366,8156403825
1367,8156282450
1368,8155319277
1369,8155167734
1370,8155042237
1371,8154891997
1372,8154726991
1373,8154628624
1374,8153857456
1375,8153722204
1376,8153569636
1377,8153470879
1378,8153368922
1379,8153251090
1380,8153157627
1381,8151005003
1382,8150907523
1383,8150769089
1384,8150673606
1385,8150116696
1386,8150069347
1387,8150023938
1388,8149920414
1389,8149830853
1390,8149752761
1391,8149613538
1392,8149499666
1393,8149391054
1394,8149255408
1395,8149174253
1396,8149116781
1397,8148453745
1398,8148388558
1399,8148253364
1400,8148158487
1401,8148010401
1402,8147921295
1403,8147862331
1404,8147353230
1405,8147284998
1406,8147188311
1407,8147143797
1408,8147071759
1409,8147052633
1410,8146957560
1411,8146921395
1412,8146851882
1413,8146811702
1414,8146702057
1415,8146694683
1416,8146556130
1417,8146544018
1418,8146456651
1419,8146452564
1420,8145363518
1421,8145270251
1422,8145248822
1423,8145135669
1424,8145077805
1425,8144988222
1426,8144938472
1427,8144901175
1428,8144794564
1429,8144755939
1430,8144683919
1431,8144660140
1432,8143939006
1433,8143901956
1434,8143801061
1435,8143798704
1436,8143668956
1437,8143661431
1438,8143516246
1439,8143511831
1440,8143334361
1441,8143254721
1442,8143169444
1443,8143150050
1444,8143081862
1445,8143045634
1446,8142981801
1447,8142981335
1448,8108139750
1449,8082925992
1450,8082746959
1451,8082619844
1452,8082529700
1453,8082397846
1454,8082298912
1455,8082223614
1456,8081398148
1457,8081265971
1458,8081123387
1459,8080947274
1460,8080862140
1461,8080792538
1462,8080662959
1463,8080604817
1464,8079759171
1465,8079670064
1466,8079490782
1467,8079370474
1468,8079327920
1469,8079228550
1470,8079176651
1471,8078156582
1472,8078097515
1473,8078037126
1474,8077976291
1475,8077928766
1476,8077886942
1477,8076729568
1478,8076724211
1479,8076719134
1480,8076678994
1481,8076678701
1482,8076673172
1483,8076614342
1484,8076593762
1485,8076592658
1486,8076554117
1487,8076552500
1488,8076547996
1489,8075790639
1490,8075778323
1491,8075747582
1492,8075666466
1493,8075652637
1494,8075632430
1495,8075556760
1496,8075538554
1497,8075534858
1498,8075462423
1499,8075461435
1500,8075460655
1501,8075388868
1502,8075367633
1503,8075346280
1504,8075328328
1505,8075323060
1506,8075304964
1507,8075265693
1508,8075262198
1509,8075255485
1510,8075230140
1511,8075224556
1512,8075216601
1513,8074393917
1514,8074384273
1515,8074371738
1516,8074280711
1517,8074269552
1518,8074260317
1519,8074180689
1520,8074177986
1521,8074149488
1522,8074108697
1523,8074107528
1524,8074106381
1525,8074019964
1526,8074012657
1527,8074001182
1528,8073974695
1529,8073964124
1530,8073961161
1531,8073920592
1532,8073914411
1533,8073911615
1534,8073876622
1535,8073875155
1536,8073874912
1537,8063200834
1538,8063069899
1539,8062945076
1540,8062807181
1541,8061396001
1542,8061294743
1543,8061100515
1544,8060944213
1545,8059708053
1546,8059599922
1547,8059395636
1548,8059269676
1549,8058358558
1550,8058249772
1551,8058124306
1552,8058023635
1553,8057869002
1554,8057125074
1555,8056960913
1556,8056889752
1557,8056728116
1558,8056585402
1559,8056476228
1560,8055489134
1561,8055385235
1562,8055384655
1563,8055285102
1564,8055284959
1565,8055231335
1566,8055187485
1567,8055089269
1568,8055088008
1569,8054965291
1570,8054936496
1571,8054861702
1572,8054846912
1573,8054769333
1574,8054761555
1575,8054705111
1576,8054665063
1577,8054644399
1578,8054595004
1579,8054594883
1580,8029756021
1581,8029647109
1582,8029499964
1583,8029364010
1584,8029070932
1585,8028916514
1586,8027824663
1587,8027712452
1588,8027500320
1589,8027204751
1590,8027003149
1591,8025468831
1592,8025337855
1593,8025187844
1594,8024205263
1595,8024146851
1596,8024046426
1597,8023945110
1598,8023785272
1599,8023551388
1600,8023446689
1601,8023323084
1602,8023263489
1603,8023198798
1604,8022696821
1605,8022609387
1606,8022488183
1607,8022396496
1608,8022169035
1609,8022073219
1610,8021871164
1611,8021814206
1612,8021416504
1613,8021365873
1614,8021275162
1615,8021129866
1616,8021002636
1617,8020767830
1618,8020636511
1619,8020517372
1620,8020459703
1621,8020400910
1622,8019968420
1623,8019898177
1624,8019814167
1625,8019679799
1626,8019572135
1627,8019344340
1628,8019177827
1629,8019055926
1630,8018957268
1631,8018876444
1632,8018435024
1633,8018369934
1634,8018290710
1635,8018187764
1636,8018066865
1637,8017939749
1638,8017791697
1639,8017637141
1640,8017398362
1641,8017283095
1642,8017189664
1643,8016425064
1644,8016323810
1645,8016189082
1646,8016072997
1647,8015935909
1648,8015814406
1649,8015721625
1650,8015615203
1651,8015519857
1652,8015433695
1653,8014962401
1654,8014902934
1655,8014829806
1656,8014739929
1657,8014584231
1658,8014444044
1659,8014326286
1660,8014218908
1661,8014076717
1662,8013912017
1663,8013830085
1664,8011816155
1665,8011794134
1666,8011771607
1667,8011750772
1668,8011703734
1669,8011695464
1670,8011674211
1671,8011667160
1672,8011600228
1673,8011567985
1674,8011566175
1675,8011562890
1676,8011483532
1677,8011455026
1678,8011448504
1679,8011447459
1680,8011325946
1681,8011320375
1682,8011306263
1683,8011300761
1684,8011202507
1685,8011196736
1686,8011194119
1687,8011184646
1688,8011119646
1689,8011105659
1690,8011104295
1691,8011083234
1692,8011016053
1693,8011011168
1694,8011010595
1695,8011003471
1696,8010402874
1697,8010378803
1698,8010372999
1699,8010372781
1700,8010311367
1701,8010306413
1702,8010294309
1703,8010286036
1704,8010199734
1705,8010173187
1706,8010165620
1707,8010162131
1708,8010055697
1709,8010054526
1710,8010037777
1711,8010031109
1712,8009933082
1713,8009914882
1714,8009903804
1715,8009881903
1716,8009802158
1717,8009799259
1718,8009784614
1719,8009762120
1720,8009676677
1721,8009666288
1722,8009651621
1723,8009646834
1724,8009594061
1725,8009585260
1726,8009577188
1727,8009569973
1728,8009010792
1729,8008969133
1730,8008957163
1731,8008949914
1732,8008942514
1733,8008860292
1734,8008855097
1735,8008842473
1736,8008792769
1737,8008760760
1738,8008739818
1739,8008717926
1740,8008659818
1741,8008632430
1742,8008632352
1743,8008595493
1744,8008534868
1745,8008493330
1746,8008463450
1747,8008450092
1748,8008363560
1749,8008344759
1750,8008342762
1751,8008335631
1752,8008262988
1753,8008222782
1754,8008222518
1755,8008214179
1756,8008149335
1757,8008146416
1758,8008146171
1759,8008138439
1760,8007539002
1761,8007463004
1762,8007461293
1763,8007450111
1764,8007418942
1765,8007367219
1766,8007346033
1767,8007344487
1768,8007297572
1769,8007234169
1770,8007207835
1771,8007194752
1772,8007105780
1773,8007103125
1774,8007102328
1775,8007095690
1776,8005789257
1777,8005677682
1778,8005558451
1779,8005430399
1780,8005280377
1781,8005004313
1782,8004903360
1783,8004087436
1784,8003947693
1785,8003777597
1786,8003616297
1787,8003453293
1788,8003277731
1789,8003188735
1790,8003107284
1791,8003021377
1792,8002592676
1793,8002540551
1794,8002440796
1795,8002282855
1796,8002156072
1797,8001985765
1798,8001811405
1799,8001716408
1800,8001639727
1801,8001589245
1802,8001042470
1803,8000888802
1804,8000749142
1805,8000657404
1806,8000501147
1807,8000388279
1808,8000315224
1809,8000243104
1810,8000195944
1811,7998387182
1812,7998368303
1813,7998298018
1814,7998294691
1815,7998174280
1816,7998172161
1817,7998091174
1818,7998064075
1819,7997964737
1820,7997941268
1821,7997845167
1822,7997836124
1823,7997709974
1824,7997698304
1825,7997649237
1826,7997629948
1827,7997565117
1828,7997561814
1829,7997505910
1830,7997505657
1831,7997118115
1832,7997060235
1833,7997043973
1834,7996968491
1835,7996878646
1836,7996827815
1837,7996787086
1838,7996703164
1839,7996622039
1840,7996548719
1841,7996473181
1842,7996402789
1843,7996294984
1844,7996253889
1845,7996172962
1846,7996145879
1847,7996046478
1848,7996040366
1849,7995958688
1850,7995956006
1851,7995384112
1852,7995311029
1853,7995264988
1854,7995228510
1855,7995119826
1856,7995101368
1857,7995003698
1858,7994984370
1859,7994818931
1860,7994815043
1861,7994709449
1862,7994700394
1863,7994565406
1864,7994543987
1865,7994460589
1866,7994455380
1867,7994347818
1868,7994337379
1869,7994273270
1870,7994259650
1871,7986751548
1872,7986595492
1873,7986449169
1874,7986228633
1875,7986033321
1876,7985929572
1877,7985816345
1878,7985116716
1879,7985003339
1880,7984902984
1881,7984737209
1882,7984592920
1883,7984472803
1884,7984349828
1885,7984260412
1886,7984189875
1887,7984117984
1888,7984069935
1889,7983419849
1890,7983320808
1891,7983208637
1892,7983098966
1893,7982969675
1894,7982874526
1895,7982787349
1896,7982708667
1897,7982662818
1898,7982619181
1899,7982554414
1900,7981997041
1901,7981891602
1902,7981790118
1903,7981664422
1904,7981523234
1905,7981398073
1906,7981341947
1907,7981268223
1908,7981220550
1909,7981185211
1910,7980310157
1911,7980205862
1912,7980095953
1913,7980019306
1914,7979950674
1915,7979879905
1916,7979825770
1917,7978911604
1918,7978813381
1919,7978710029
1920,7978651098
1921,7978584525
1922,7978508953
1923,7978447086
1924,7977765617
1925,7977645739
1926,7977518413
1927,7977416843
1928,7977339226
1929,7977231132
1930,7977150376
1931,7977090502
1932,7977018485
1933,7976403107
1934,7976279063
1935,7976210737
1936,7976180048
1937,7976086048
1938,7976071241
1939,7975935708
1940,7975918514
1941,7975795916
1942,7975795134
1943,7975678493
1944,7975646156
1945,7975593614
1946,7975567356
1947,7975496693
1948,7975493346
1949,7975410015
1950,7975406864
1951,7975331380
1952,7975330082
1953,7974567836
1954,7974538106
1955,7974427275
1956,7974424237
1957,7974318443
1958,7974260231
1959,7974206675
1960,7974106301
1961,7974102995
1962,7973999193
1963,7973977216
1964,7973889148
1965,7973869110
1966,7973809955
1967,7973769812
1968,7973734261
1969,7973689166
1970,7973665209
1971,7973603110
1972,7973602934
1973,7972825686
1974,7972768294
1975,7972708656
1976,7972675517
1977,7972617541
1978,7972578191
1979,7972506299
1980,7972445566
1981,7972392908
1982,7972356320
1983,7972307189
1984,7972235565
1985,7972206434
1986,7972169966
1987,7972143214
1988,7972088536
1989,7972080754
1990,7972029465
1991,7972029054
1992,7881677439
1993,7881625418
1994,7881541114
1995,7881471013
1996,7881389968
1997,7881212155
1998,7881113526
1999,7880964178
2000,7880018671
2001,7879950221
2002,7879893880
2003,7879830665
2004,7879728981
2005,7879638772
2006,7879523865
2007,7879392863
2008,7879298654
2009,7879165529
2010,7878337842
2011,7878288609
2012,7878172712
2013,7878033873
2014,7877972067
2015,7877871116
2016,7877731893
2017,7877644307
2018,7874732591
2019,7874628866
2020,7874606478
2021,7874508927
2022,7874495043
2023,7874430540
2024,7874418068
2025,7874329694
2026,7874321481
2027,7873513834
2028,7873471790
2029,7873460520
2030,7873424777
2031,7873419299
2032,7873377909
2033,7873368258
2034,7873291876
2035,7873275115
2036,7873212660
2037,7873170785
2038,7873114667
2039,7873093016
2040,7873004583
2041,7872991644
2042,7872914441
2043,7872904790
2044,7872760809
2045,7872757361
2046,7871993577
2047,7871957348
2048,7871907580
2049,7871859785
2050,7871841510
2051,7871813061
2052,7871805283
2053,7871751250
2054,7871747856
2055,7871673050
2056,7871663427
2057,7871599214
2058,7871581785
2059,7871510918
2060,7871488241
2061,7871402890
2062,7871389738
2063,7871295230
2064,7871294625
2065,7871191344
2066,7871184978
2067,7870352236
2068,7870307422
2069,7870252608
2070,7870252083
2071,7870204076
2072,7870190337
2073,7870124437
2074,7870118652
2075,7870035954
2076,7870023478
2077,7869914046
2078,7869910875
2079,7869817610
2080,7869807144
2081,7869714352
2082,7869693613
2083,7869590399
2084,7869566542
2085,7868586377
2086,7868535426
2087,7868488108
2088,7868485382
2089,7868440562
2090,7868430615
2091,7868389927
2092,7868368379
2093,7868335527
2094,7868298420
2095,7868248862
2096,7868219820
2097,7868152996
2098,7868122229
2099,7868041895
2100,7868016116
2101,7867947145
2102,7867913832
2103,7867831578
2104,7867821980
2105,7867703436
2106,7867691175
2107,7866669340
2108,7866651970
2109,7866627609
2110,7866610343
2111,7866574304
2112,7866549860
2113,7866523626
2114,7866467176
2115,7866430530
2116,7866370209
2117,7866335559
2118,7866248728
2119,7866238458
2120,7866162804
2121,7866142432
2122,7866064588
2123,7866040071
2124,7865926685
2125,7865925904
2126,7865076417
2127,7865060947
2128,7865039171
2129,7865027551
2130,7865017734
2131,7865002120
2132,7864945150
2133,7864944997
2134,7864944324
2135,7864935190
2136,7864898397
2137,7864877706
2138,7864874425
2139,7864866391
2140,7864837240
2141,7864805390
2142,7864779311
2143,7864771187
2144,7864759113
2145,7864733725
2146,7864719903
2147,7864679609
2148,7864672686
2149,7864651838
2150,7864618688
2151,7864574307
2152,7864562262
2153,7864561026
2154,7864472754
2155,7864463273
2156,7864461673
2157,7864453686
2158,7864381054
2159,7864364419
2160,7864359392
2161,7864331941
2162,7857983726
2163,7857851025
2164,7857712872
2165,7857392699
2166,7857283180
2167,7856054820
2168,7855917471
2169,7855764808
2170,7855616138
2171,7855450331
2172,7855328588
2173,7855219298
2174,7854383844
2175,7854261244
2176,7854143682
2177,7853986291
2178,7853819516
2179,7853705433
2180,7853560438
2181,7853469583
2182,7852822920
2183,7852698000
2184,7852592904
2185,7852464796
2186,7852317052
2187,7852207326
2188,7851982927
2189,7851898926
2190,7851826996
2191,7851034612
2192,7850869216
2193,7850721681
2194,7850565344
2195,7850438566
2196,7850272657
2197,7850187669
2198,7849385453
2199,7849272766
2200,7849059577
2201,7848934087
2202,7848928616
2203,7848823089
2204,7848798413
2205,7848625476
2206,7848536941
2207,7845919683
2208,7845866674
2209,7845855310
2210,7845852147
2211,7845819292
2212,7845752100
2213,7845727951
2214,7845719616
2215,7845618592
2216,7845532761
2217,7845524445
2218,7845516906
2219,7845398858
2220,7845398650
2221,7845394772
2222,7845387882
2223,7844206871
2224,7844189129
2225,7844142465
2226,7844129360
2227,7844081688
2228,7844066827
2229,7844048910
2230,7844047504
2231,7843946291
2232,7843871555
2233,7843868549
2234,7843863709
2235,7843802318
2236,7843760463
2237,7843737858
2238,7843724759
2239,7843547814
2240,7843531054
2241,7843527209
2242,7843515047
2243,7843409643
2244,7843406067
2245,7843381270
2246,7842239983
2247,7842220004
2248,7842183533
2249,7842173756
2250,7842136550
2251,7842085047
2252,7842082198
2253,7842079500
2254,7841969373
2255,7841954836
2256,7841923379
2257,7841909159
2258,7841827224
2259,7841822451
2260,7841795420
2261,7841778494
2262,7841630984
2263,7841614800
2264,7841614359
2265,7841608029
2266,7841480925
2267,7841477150
2268,7841449341
2269,7841448623
2270,7840437301
2271,7840429152
2272,7840413153
2273,7840412932
2274,7840341263
2275,7840323400
2276,7840314682
2277,7840309629
2278,7840181469
2279,7840180534
2280,7840178120
2281,7840160241
2282,7840084622
2283,7840057383
2284,7840033220
2285,7840020422
2286,7839880889
2287,7839849299
2288,7839837829
2289,7839836314
2290,7839722906
2291,7839713276
2292,7839709031
2293,7839706215
2294,7838721910
2295,7838708948
2296,7838696777
2297,7838673443
2298,7838607832
2299,7838597748
2300,7838591725
2301,7838571705
2302,7838447436
2303,7838444499
2304,7838444217
2305,7838440681
2306,7838318766
2307,7838311726
2308,7838303303
2309,7838289594
2310,7838140144
2311,7838133346
2312,7838114906
2313,7838089828
2314,7837984691
2315,7837984255
2316,7837981812
2317,7837952900
2318,7833796201
2319,7833666616
2320,7833461070
2321,7833305923
2322,7832091795
2323,7831986231
2324,7831860821
2325,7831660024
2326,7831617787
2327,7831607070
2328,7831541516
2329,7831525472
2330,7831512537
2331,7831420570
2332,7831416097
2333,7831396199
2334,7831330794
2335,7831330165
2336,7831320337
2337,7830562266
2338,7830528375
2339,7830528027
2340,7830476178
2341,7830434269
2342,7830429037
2343,7830360132
2344,7830332044
2345,7830304841
2346,7830268966
2347,7830177656
2348,7830156602
2349,7830065815
2350,7830028547
2351,7830004221
2352,7829941884
2353,7829925482
2354,7829922233
2355,7829829385
2356,7829827704
2357,7829804150
2358,7829753645
2359,7829748556
2360,7829746203
2361,7829177044
2362,7829144440
2363,7829121801
2364,7829064138
2365,7829051762
2366,7829044292
2367,7828943225
2368,7828934513
2369,7828920704
2370,7828827429
2371,7828822372
2372,7828821346
2373,7828687937
2374,7828687430
2375,7828640498
2376,7828569841
2377,7828554231
2378,7828540301
2379,7828444011
2380,7828438917
2381,7828436630
2382,7828366697
2383,7828363163
2384,7759259291
2385,7759065488
2386,7758894564
2387,7758644765
2388,7758497248
2389,7758350202
2390,7756985078
2391,7756811275
2392,7756466330
2393,7756299375
2394,7756127989
2395,7755997663
2396,7755832761
2397,7754719060
2398,7754569589
2399,7754342100
2400,7754090781
2401,7753651483
2402,7753545003
2403,7753420462
2404,7751854778
2405,7751669998
2406,7751322223
2407,7751224080
2408,7750258646
2409,7750157597
2410,7750021083
2411,7749915546
2412,7749853014
2413,7749825053
2414,7749767597
2415,7749723268
2416,7749723088
2417,7749625440
2418,7749614459
2419,7749608225
2420,7749535491
2421,7749534086
2422,7749530993
2423,7748891080
2424,7748830694
2425,7748816746
2426,7748793170
2427,7748734682
2428,7748729312
2429,7748642086
2430,7748635079
2431,7748595615
2432,7748543118
2433,7748507148
2434,7748493014
2435,7748381833
2436,7748344457
2437,7748337837
2438,7748261492
2439,7748224120
2440,7748219609
2441,7748130439
2442,7748115228
2443,7748098341
2444,7748044453
2445,7748039267
2446,7748039250
2447,7747412881
2448,7747400927
2449,7747396838
2450,7747311158
2451,7747296234
2452,7747284567
2453,7747202242
2454,7747194924
2455,7747186431
2456,7747085083
2457,7747061595
2458,7747014084
2459,7746929506
2460,7746901247
2461,7746858819
2462,7746803583
2463,7746738193
2464,7746735983
2465,7746703092
2466,7746640432
2467,7746626071
2468,7746572308
2469,7746568870
2470,7746565802
2471,7745742749
2472,7745623035
2473,7745495486
2474,7745350849
2475,7745221781
2476,7745014809
2477,7744904385
2478,7744813911
2479,7743754465
2480,7743627074
2481,7743492002
2482,7743377159
2483,7743232904
2484,7743128107
2485,7743046989
2486,7742965164
2487,7742378951
2488,7742271523
2489,7742150004
2490,7742025452
2491,7741879654
2492,7741747073
2493,7741610189
2494,7741527930
2495,7741499600
2496,7741332700
2497,7740723197
2498,7740620672
2499,7740519071
2500,7740415320
2501,7740293784
2502,7740167896
2503,7740080779
2504,7739981261
2505,7739897731
2506,7739857156
2507,7738958681
2508,7738827516
2509,7738707282
2510,7738629033
2511,7738557420
2512,7738491484
2513,7738431210
2514,7738389254
2515,7737389955
2516,7737267318
2517,7737160066
2518,7737097375
2519,7737022358
2520,7736943183
2521,7736889691
2522,7735807633
2523,7735693587
2524,7735608076
2525,7735521357
2526,7735467596
2527,7735410058
2528,7735361893
2529,7734677496
2530,7734566088
2531,7734516605
2532,7734423484
2533,7734379122
2534,7734278278
2535,7734257155
2536,7734160971
2537,7734120309
2538,7734048598
2539,7733987602
2540,7733889907
2541,7733876242
2542,7733790198
2543,7733772830
2544,7733695535
2545,7733691363
2546,7733618455
2547,7733617386
2548,7732827601
2549,7732688381
2550,7732673031
2551,7732533981
2552,7732531375
2553,7732401003
2554,7732370435
2555,7732286887
2556,7732253347
2557,7732132775
2558,7732123760
2559,7732018313
2560,7732013176
2561,7731937602
2562,7731924013
2563,7731859997
2564,7731820975
2565,7731797545
2566,7731736121
2567,7731736056
2568,7730901855
2569,7730877759
2570,7730767660
2571,7730749344
2572,7730615195
2573,7730610116
2574,7730481235
2575,7730472325
2576,7730369152
2577,7730326336
2578,7730278895
2579,7730227263
2580,7730134225
2581,7730133537
2582,7730072056
2583,7730069646
2584,7730022870
2585,7730021780
2586,7710348304
2587,7710207360
2588,7710066098
2589,7709772208
2590,7709510018
2591,7708717497
2592,7708577966
2593,7708457781
2594,7708205107
2595,7707965067
2596,7707751863
2597,7707660658
2598,7706880000
2599,7706776644
2600,7706682984
2601,7706551337
2602,7706395166
2603,7706202114
2604,7706002180
2605,7705829352
2606,7705740779
2607,7704757666
2608,7704459920
2609,7704262571
2610,7704117144
2611,7704010804
2612,7703253005
2613,7703248953
2614,7703129966
2615,7703122772
2616,7703120654
2617,7703014560
2618,7703003837
2619,7702981469
2620,7702817490
2621,7702805889
2622,7702773107
2623,7702652392
2624,7702650896
2625,7702644507
2626,7702453309
2627,7702425491
2628,7702416925
2629,7702344755
2630,7702330411
2631,7702329438
2632,7701722547
2633,7701721032
2634,7701710708
2635,7701650894
2636,7701649950
2637,7701632155
2638,7701479793
2639,7701474828
2640,7701438466
2641,7701334360
2642,7701324274
2643,7701316798
2644,7701081341
2645,7701053090
2646,7701041455
2647,7700916291
2648,7700912604
2649,7700908344
2650,7700768653
2651,7700746302
2652,7700727612
2653,7700638129
2654,7700636218
2655,7700633866
2656,7699988030
2657,7699955629
2658,7699942711
2659,7699881503
2660,7699877468
2661,7699846505
2662,7699768992
2663,7699743899
2664,7699610108
2665,7699602043
2666,7699601332
2667,7699381326
2668,7699339315
2669,7699290234
2670,7699194718
2671,7699189839
2672,7699188045
2673,7699056337
2674,7699029231
2675,7699013825
2676,7698916654
2677,7698912157
2678,7698910742
2679,7686429332
2680,7686342256
2681,7686251961
2682,7686151018
2683,7685939952
2684,7685800690
2685,7684703932
2686,7684627262
2687,7684535670
2688,7684345034
2689,7684213611
2690,7684030453
2691,7683910583
2692,7683774825
2693,7683680063
2694,7683035523
2695,7682937500
2696,7682830031
2697,7682645800
2698,7682522502
2699,7682371131
2700,7682234726
2701,7682112528
2702,7682050140
2703,7681140254
2704,7681024952
2705,7680873723
2706,7679882766
2707,7679875888
2708,7679791994
2709,7679784808
2710,7679678453
2711,7679656977
2712,7679562185
2713,7679538406
2714,7679428305
2715,7679404771
2716,7679318479
2717,7679313732
2718,7679231574
2719,7679223833
2720,7679159965
2721,7679152125
2722,7678443478
2723,7678411749
2724,7678316103
2725,7678297342
2726,7678202171
2727,7678155334
2728,7678062569
2729,7678040321
2730,7677922942
2731,7677903919
2732,7677794101
2733,7677789914
2734,7677705998
2735,7677694350
2736,7677628814
2737,7677625424
2738,7677044934
2739,7676997754
2740,7676965581
2741,7676914505
2742,7676863645
2743,7676803597
2744,7676775486
2745,7676681888
2746,7676571007
2747,7676522218
2748,7676412458
2749,7676377820
2750,7676282345
2751,7676282020
2752,7676189919
2753,7676183483
2754,7676114338
2755,7676114192
2756,7676036722
2757,7676027720
2758,7675463955
2759,7675448352
2760,7675379203
2761,7675354878
2762,7675275472
2763,7675229668
2764,7675136715
2765,7675067256
2766,7674945045
2767,7674887460
2768,7674794631
2769,7674751474
2770,7674609144
2771,7674596594
2772,7674507588
2773,7674503834
2774,7674382052
2775,7674360337
2776,7674293594
2777,7674291794
2778,7673708296
2779,7673622272
2780,7673591706
2781,7673512852
2782,7673485482
2783,7673395154
2784,7673327472
2785,7673282155
2786,7673170374
2787,7673149133
2788,7673029767
2789,7673026547
2790,7672863933
2791,7672835544
2792,7672749721
2793,7672718210
2794,7672620271
2795,7672612160
2796,7672537705
2797,7672526098
2798,7671890497
2799,7671877891
2800,7671775668
2801,7671747886
2802,7671675846
2803,7671637751
2804,7671559211
2805,7671507528
2806,7671407384
2807,7671359103
2808,7671314507
2809,7671265130
2810,7671173655
2811,7671151799
2812,7671078731
2813,7671073284
2814,7670996657
2815,7670989722
2816,7670936981
2817,7670924375
2818,7670366749
2819,7670287376
2820,7670185028
2821,7670078799
2822,7669941032
2823,7669825150
2824,7669698699
2825,7669615857
2826,7668906630
2827,7668828831
2828,7668803550
2829,7668742061
2830,7668711906
2831,7668637800
2832,7668595877
2833,7668506047
2834,7668416668
2835,7668303383
2836,7668294773
2837,7668229561
2838,7668209605
2839,7668132450
2840,7668130310
2841,7667495188
2842,7667419640
2843,7667347904
2844,7667321493
2845,7667261766
2846,7667193047
2847,7667147669
2848,7667066279
2849,7667028466
2850,7666946143
2851,7666920496
2852,7666823023
2853,7666820021
2854,7666751574
2855,7666741365
2856,7666686048
2857,7666667332
2858,7666622145
2859,7666615711
2860,7665985690
2861,7665982468
2862,7665888682
2863,7665874990
2864,7665798853
2865,7665765599
2866,7665668685
2867,7665658383
2868,7665555828
2869,7665544375
2870,7665433985
2871,7665416449
2872,7665354905
2873,7665297524
2874,7665271072
2875,7665207861
2876,7665206108
2877,7664693971
2878,7664623259
2879,7664560408
2880,7664524724
2881,7664492989
2882,7664437439
2883,7664392298
2884,7664315626
2885,7664265772
2886,7664223622
2887,7664152664
2888,7664051199
2889,7664007970
2890,7663950419
2891,7663917094
2892,7663844398
2893,7663803900
2894,7663742695
2895,7663736571
2896,7663645599
2897,7663638291
2898,7631013984
2899,7630865634
2900,7630717190
2901,7630422621
2902,7630302858
2903,7629309712
2904,7629175264
2905,7629058340
2906,7628900641
2907,7628738123
2908,7628574899
2909,7625796211
2910,7625713641
2911,7625625467
2912,7625518034
2913,7625399329
2914,7625256654
2915,7625120821
2916,7624949386
2917,7624854612
2918,7624763717
2919,7624356153
2920,7624324791
2921,7624266320
2922,7624189175
2923,7624101871
2924,7623986877
2925,7623846810
2926,7623731185
2927,7623632238
2928,7623497900
2929,7623382418
2930,7623277378
2931,7622846868
2932,7622761633
2933,7622702371
2934,7622509408
2935,7622427421
2936,7622241229
2937,7622051267
2938,7621949960
2939,7621863860
2940,7621790694
2941,7621342222
2942,7621297751
2943,7621234257
2944,7621149860
2945,7621065719
2946,7620919489
2947,7620768845
2948,7620629958
2949,7620458461
2950,7620317023
2951,7619838869
2952,7619782656
2953,7619709106
2954,7619498652
2955,7619390596
2956,7619175781
2957,7618994771
2958,7618737893
2959,7618623924
2960,7617969287
2961,7617902077
2962,7617808427
2963,7617683662
2964,7617556834
2965,7617435694
2966,7617134274
2967,7617027597
2968,7616882903
2969,7616783111
2970,7616693091
2971,7616055939
2972,7615978165
2973,7615837876
2974,7615748933
2975,7615546892
2976,7615435729
2977,7615290848
2978,7615132834
2979,7615041849
2980,7614970519
2981,7613710092
2982,7613598339
2983,7613494811
2984,7612444756
2985,7612330631
2986,7612318448
2987,7612312609
2988,7612299068
2989,7612200369
2990,7612195805
2991,7612171311
2992,7612109715
2993,7612050850
2994,7612050331
2995,7612036457
2996,7611966433
2997,7611956203
2998,7611952967
2999,7611940647
3000,7611312280
3001,7611269696
3002,7611251957
3003,7611209103
3004,7611200777
3005,7611174967
3006,7611154536
3007,7611104744
3008,7611089887
3009,7611085865
3010,7611035356
3011,7610971986
3012,7610948082
3013,7610924034
3014,7610921462
3015,7610872588
3016,7610800301
3017,7610787149
3018,7610750910
3019,7610707835
3020,7610652740
3021,7610639970
3022,7610606543
3023,7610595865
3024,7610483372
3025,7610474632
3026,7610463422
3027,7610446788
3028,7610373276
3029,7610372452
3030,7610362769
3031,7610361001
3032,7609623972
3033,7609596479
3034,7609576955
3035,7609555936
3036,7609508221
3037,7609492576
3038,7609482509
3039,7609454580
3040,7609392728
3041,7609370039
3042,7609366050
3043,7609332606
3044,7609292902
3045,7609274333
3046,7609245218
3047,7609204621
3048,7609132297
3049,7609085421
3050,7609078641
3051,7609078269
3052,7608974160
3053,7608952927
3054,7608935188
3055,7608928526
3056,7608867500
3057,7608811277
3058,7608806168
3059,7608802325
3060,7608734818
3061,7608718892
3062,7608713342
3063,7608711531
3064,7608021100
3065,7607949297
3066,7607947782
3067,7607922096
3068,7607882443
3069,7607871629
3070,7607844535
3071,7607817993
3072,7607753881
3073,7607742451
3074,7607730762
3075,7607666802
3076,7607623231
3077,7607605557
3078,7607585856
3079,7607552586
3080,7607471385
3081,7607427835
3082,7607426114
3083,7607382575
3084,7607283227
3085,7607274230
3086,7607258435
3087,7607239320
3088,7607106782
3089,7607080938
3090,7607071600
3091,7607056365
3092,7606935962
3093,7606934153
3094,7606934092
3095,7606926027
3096,7605702429
3097,7605564320
3098,7605332156
3099,7605195145
3100,7604999022
3101,7603277412
3102,7603124173
3103,7602913761
3104,7602797675
3105,7602131451
3106,7602025069
3107,7601875393
3108,7601757581
3109,7601627469
3110,7601388393
3111,7601194675
3112,7601018021
3113,7600895931
3114,7600790956
3115,7600275360
3116,7600150327
3117,7599979737
3118,7599837990
3119,7599724180
3120,7599495026
3121,7599358486
3122,7599152688
3123,7599075425
3124,7598478916
3125,7598398460
3126,7598270256
3127,7598255294
3128,7598141929
3129,7598121563
3130,7598034204
3131,7597968293
3132,7597854184
3133,7597851097
3134,7597718936
3135,7597682292
3136,7597574795
3137,7597561992
3138,7597472170
3139,7597448440
3140,7597386862
3141,7597363342
3142,7597320600
3143,7597257428
3144,7597255404
3145,7596583456
3146,7596486647
3147,7596436759
3148,7596368016
3149,7596351279
3150,7596248122
3151,7596062958
3152,7595921247
3153,7595890034
3154,7595761202
3155,7595702996
3156,7595648874
3157,7595612013
3158,7595539855
3159,7595512787
3160,7595464805
3161,7595413154
3162,7590148929
3163,7589977864
3164,7589816730
3165,7589618487
3166,7589548856
3167,7589398098
3168,7588089287
3169,7587977064
3170,7587836668
3171,7587738038
3172,7587649785
3173,7586714779
3174,7586648644
3175,7586292999
3176,7586185405
3177,7586122539
3178,7584949899
3179,7584824899
3180,7584695605
3181,7584496829
3182,7584435027
3183,7583159833
3184,7583012200
3185,7582895967
3186,7582831124
3187,7581771321
3188,7581657607
3189,7581545844
3190,7581302548
3191,7581155723
3192,7581026056
3193,7580940704
3194,7580832960
3195,7580759098
3196,7576140726
3197,7576137256
3198,7575989786
3199,7575939183
3200,7575788217
3201,7575775435
3202,7575678270
3203,7575671228
3204,7575553506
3205,7575532318
3206,7575446802
3207,7575428460
3208,7574122987
3209,7574105947
3210,7573980068
3211,7573960667
3212,7573812887
3213,7573798983
3214,7573683309
3215,7573655445
3216,7573562326
3217,7573544108
3218,7573487551
3219,7573474657
3220,7572454389
3221,7572412079
3222,7572313952
3223,7572299279
3224,7572135464
3225,7572121585
3226,7572019675
3227,7571996694
3228,7571918290
3229,7571917477
3230,7571860878
3231,7571857746
3232,7570938571
3233,7570883827
3234,7570765457
3235,7570740708
3236,7570551183
3237,7570540795
3238,7570457795
3239,7570447550
3240,7570412278
3241,7570395410
3242,7569466736
3243,7569440021
3244,7569316229
3245,7569309068
3246,7569161648
3247,7569140875
3248,7569042159
3249,7569027430
3250,7568911234
3251,7568895441
3252,7568811834
3253,7568781105
