,match_id,heroId,steamAccountId,partyId,kills,deaths,assists,isRadiant,isVictory,variant,imp,lane,position,networth,goldPerMinute,goldSpent,towerDamage,heroDamage,intentionalFeeding,proSteamAccount_teamId,proSteamAccount_name
0,2049344492,73,187460462,,1,2,3,True,True,,20.0,ROAMING,,,301,9125,241,4134,False,,
1,2049344492,72,88826062,,1,1,2,True,True,,-11.0,SAFE_LANE,,,597,22010,1691,7922,False,0.0,Rajjix
2,2049344492,28,92897724,,3,2,2,True,True,,-12.0,OFF_LANE,,,339,9315,209,4827,False,,
3,2049344492,89,101356886,,3,0,1,True,True,,23.0,MID_LANE,,,770,21745,778,24272,False,7554697.0,GH
4,2049344492,3,292757112,,2,8,2,True,True,,-41.0,SAFE_LANE,,,190,5440,53,3510,False,,
5,2049344492,50,148896406,,0,1,3,False,False,,50.0,SAFE_LANE,,,157,5140,284,1789,False,,
6,2049344492,69,137116480,,5,1,5,False,False,,15.0,OFF_LANE,,,378,11730,44,6439,False,,
7,2049344492,31,121642227,,2,3,7,False,False,,6.0,OFF_LANE,,,231,6925,144,7036,False,,
8,2049344492,15,134657231,,0,3,3,False,False,,17.0,MID_LANE,,,402,14570,391,5022,False,,
9,2049344492,39,98947088,,6,2,3,False,False,,39.0,SAFE_LANE,,,454,17480,772,10062,False,,
10,2049487960,87,123444610,,2,5,0,True,False,,-21.0,SAFE_LANE,,,210,4840,284,1872,False,,
11,2049487960,69,244825713,,0,6,3,True,False,,-19.0,OFF_LANE,,,436,9510,50,4318,False,,
12,2049487960,81,191422410,,2,8,2,True,False,,8.0,ROAMING,,,338,7490,445,6635,False,,
13,2049487960,91,11550182,,1,5,3,True,False,,26.0,ROAMING,,,207,5075,120,3121,False,8741396.0,VANSKOR
14,2049487960,28,67166425,,1,4,3,True,False,,5.0,SAFE_LANE,,,379,8325,401,1836,False,,
15,2049487960,3,100028335,,4,2,11,False,True,,,ROAMING,,,292,6290,489,5030,False,,
16,2049487960,39,96196828,,6,1,17,False,True,,36.0,MID_LANE,,,448,10640,755,9987,False,46.0,633
17,2049487960,16,76600360,,5,2,12,False,True,,54.0,ROAMING,,,437,11750,367,5002,False,0.0,yol
18,2049487960,18,53178236,,9,1,10,False,True,,46.0,SAFE_LANE,,,614,15200,2408,10077,False,8099247.0,Sedoy
19,2049487960,100,92847434,,3,0,14,False,True,,29.0,ROAMING,,,305,7100,166,7663,False,0.0,Ghostik
20,2049512022,60,148896406,,2,9,8,True,False,,18.0,OFF_LANE,,,260,7890,0,6845,False,,
21,2049512022,20,121642227,,1,7,8,True,False,,29.0,SAFE_LANE,,,185,5725,53,3696,False,,
22,2049512022,55,137116480,,1,7,8,True,False,,100.0,OFF_LANE,,,324,10485,0,5189,False,,
23,2049512022,19,134657231,,9,9,2,True,False,,30.0,MID_LANE,,,478,13700,292,12118,False,,
24,2049512022,72,98947088,,8,7,4,True,False,,100.0,SAFE_LANE,,,499,14785,124,11415,False,,
25,2049512022,1,88826062,,9,1,11,False,True,,60.0,SAFE_LANE,,,831,26275,4067,8087,False,0.0,Rajjix
26,2049512022,53,187460462,,8,7,24,False,True,,33.0,ROAMING,,,743,21610,4437,16124,False,,
27,2049512022,71,92897724,,10,5,14,False,True,,12.0,OFF_LANE,,,472,13200,381,8079,False,,
28,2049512022,22,101356886,,4,4,22,False,True,,15.0,MID_LANE,,,476,12375,187,27309,False,7554697.0,GH
29,2049512022,87,292757112,,7,6,17,False,True,,12.0,SAFE_LANE,,,327,7935,172,6557,False,,
30,2049611198,3,100028335,,6,10,10,True,False,,,OFF_LANE,,,219,7875,210,7422,False,,
31,2049611198,39,96196828,,10,9,11,True,False,,,MID_LANE,,,459,17405,697,16438,False,46.0,633
32,2049611198,71,76600360,,6,10,12,True,False,,,ROAMING,,,240,9100,145,7592,False,0.0,yol
33,2049611198,20,53178236,,5,8,8,True,False,,,OFF_LANE,,,495,16400,1080,9623,False,8099247.0,Sedoy
34,2049611198,65,92847434,,3,9,18,True,False,,,SAFE_LANE,,,315,11100,69,12214,False,0.0,Ghostik
35,2049611198,27,123444610,,2,12,22,False,True,,,OFF_LANE,,,313,10100,1228,7812,False,,
36,2049611198,29,244825713,,5,3,22,False,True,,,SAFE_LANE,,,442,16050,254,9050,False,,
37,2049611198,74,191422410,,8,5,11,False,True,,,ROAMING,,,571,20005,2156,10534,False,,
38,2049611198,25,11550182,,14,6,15,False,True,,,ROAMING,,,440,17125,360,15367,False,8741396.0,VANSKOR
39,2049611198,70,67166425,,16,4,15,False,True,,,OFF_LANE,,,588,21915,1960,16699,False,,
40,2049664745,14,122372779,,5,2,11,True,True,,49.0,ROAMING,,,369,9955,264,6736,False,,
41,2049664745,72,86832913,,12,2,7,True,True,,15.0,SAFE_LANE,,,713,15785,6908,18440,False,,
42,2049664745,76,86834305,,8,0,5,True,True,,25.0,MID_LANE,,,517,13555,2657,8381,False,,
43,2049664745,55,100235084,,8,4,11,True,True,,37.0,OFF_LANE,,,572,13200,980,12430,False,,
44,2049664745,50,105767669,,0,1,8,True,True,,63.0,SAFE_LANE,,,300,7985,446,3114,False,,
45,2049664745,20,92148571,,0,10,7,False,False,,-30.0,ROAMING,,,179,3915,14,3329,False,,
46,2049664745,88,101225857,,2,8,3,False,False,,-12.0,OFF_LANE,,,257,5985,0,6094,False,,
47,2049664745,1,92514743,,2,5,5,False,False,,14.0,SAFE_LANE,,,465,11210,1834,3722,False,,
48,2049664745,74,106526198,,1,8,3,False,False,,-39.0,MID_LANE,,,303,4910,199,5164,False,,
49,2049664745,86,102549639,,4,2,3,False,False,,9.0,ROAMING,,,219,4040,0,5426,False,,
50,2049756270,20,100028335,,2,4,17,True,True,,51.0,SAFE_LANE,,,300,8265,945,5683,False,,
51,2049756270,22,96196828,,13,3,17,True,True,,63.0,MID_LANE,,,522,13475,331,19466,False,46.0,633
52,2049756270,100,76600360,,8,2,17,True,True,,54.0,ROAMING,,,378,7950,511,6895,False,0.0,yol
53,2049756270,67,53178236,,8,2,18,True,True,,100.0,SAFE_LANE,,,638,15965,2443,13112,False,8099247.0,Sedoy
54,2049756270,61,92847434,,5,3,11,True,True,,-6.0,OFF_LANE,,,557,10915,3228,7330,False,0.0,Ghostik
55,2049756270,3,123444610,,3,7,5,False,False,,-15.0,SAFE_LANE,,,201,4425,107,3526,False,,
56,2049756270,53,244825713,,2,8,4,False,False,,-8.0,OFF_LANE,,,446,9390,1570,4269,False,,
57,2049756270,78,191422410,,6,7,4,False,False,,79.0,MID_LANE,,,475,11505,104,11614,False,,
58,2049756270,25,11550182,,0,7,8,False,False,,100.0,SAFE_LANE,,,288,7390,0,3713,False,8741396.0,VANSKOR
59,2049756270,48,67166425,,3,9,6,False,False,,16.0,SAFE_LANE,,,406,10285,287,4084,False,,
60,2049759347,3,6103402,,2,4,6,True,True,,8.0,SAFE_LANE,,,378,4825,59,4821,False,0.0,Solen
61,2049759347,20,31763321,,5,0,12,True,True,,100.0,SAFE_LANE,,,484,8210,1046,7457,False,,
62,2049759347,66,109512357,,7,1,5,True,True,,73.0,ROAMING,,,500,8305,2843,6107,False,0.0,Biver
63,2049759347,25,42989814,,4,1,6,True,True,,12.0,MID_LANE,,,529,7830,395,8080,False,,
64,2049759347,80,31456357,,3,0,7,True,True,,28.0,OFF_LANE,,,477,7540,2659,2686,False,,
65,2049759347,28,99539136,,2,3,1,False,False,,12.0,OFF_LANE,,,256,4235,0,2913,False,,
66,2049759347,101,56025217,,1,5,2,False,False,,-13.0,SAFE_LANE,,,193,2775,0,3292,False,,
67,2049759347,12,95439451,,0,3,0,False,False,,-27.0,SAFE_LANE,,,331,4905,66,2309,False,,Gedrox
68,2049759347,74,82659961,,1,3,1,False,False,,-21.0,MID_LANE,,,399,5045,531,2728,False,,
69,2049759347,62,86740536,,2,8,3,False,False,,0.0,ROAMING,,,206,3025,0,4489,False,,
70,2049773936,7,101225857,,7,9,13,True,False,,8.0,ROAMING,,,317,8450,73,11574,False,,
71,2049773936,27,92148571,,3,14,12,True,False,,-24.0,ROAMING,,,286,8690,868,4967,False,,
72,2049773936,106,106526198,,4,8,3,True,False,,-27.0,SAFE_LANE,,,391,10490,45,6877,False,,
73,2049773936,39,92514743,,15,9,8,True,False,,-4.0,MID_LANE,,,388,10910,198,19882,False,,
74,2049773936,50,102549639,,3,6,12,True,False,,-1.0,SAFE_LANE,,,220,6195,0,3807,False,,
75,2049773936,71,122372779,,6,10,15,False,True,,10.0,ROAMING,,,397,12815,493,10063,False,,
76,2049773936,72,86832913,,19,1,9,False,True,,66.0,SAFE_LANE,,,769,25085,6132,28824,False,,
77,2049773936,87,105767669,,3,6,11,False,True,,22.0,SAFE_LANE,,,331,8815,258,5018,False,,
78,2049773936,28,100235084,,5,6,13,False,True,,27.0,OFF_LANE,,,437,13300,1055,7534,False,,
79,2049773936,92,86834305,,11,10,19,False,True,,-7.0,MID_LANE,,,478,16140,1539,20534,False,,
80,2049837414,100,99539136,,3,2,8,True,False,,100.0,OFF_LANE,,,296,11060,397,9219,False,,
81,2049837414,25,56025217,,2,9,11,True,False,,67.0,ROAMING,,,289,12915,102,8161,False,,
82,2049837414,106,95439451,,4,6,6,True,False,,100.0,SAFE_LANE,,,517,18035,975,16262,False,,Gedrox
83,2049837414,97,82659961,,3,5,9,True,False,,100.0,MID_LANE,,,369,12875,215,8906,False,,
84,2049837414,89,86740536,,4,11,8,True,False,,87.0,ROAMING,,,285,9350,289,3904,False,,
85,2049837414,85,6103402,,4,2,20,False,True,,,ROAMING,,,329,10990,47,4792,False,0.0,Solen
86,2049837414,52,31763321,,4,4,14,False,True,,15.0,OFF_LANE,,,443,15600,5101,10884,False,,
87,2049837414,111,109512357,,5,6,10,False,True,,33.0,OFF_LANE,,,320,11315,436,9605,False,0.0,Biver
88,2049837414,77,42989814,,8,5,9,False,True,,-15.0,MID_LANE,,,574,21910,4181,13557,False,,
89,2049837414,38,31456357,,8,1,12,False,True,,11.0,SAFE_LANE,,,522,21490,4400,10500,False,,
90,2049908794,89,98172857,,2,1,3,True,False,,,ROAMING,,,256,5850,68,1808,False,3322951.0,MiLAN
91,2049908794,106,245373129,,2,1,2,True,False,,,MID_LANE,,,441,8955,450,7259,False,8344760.0,Xcalibur
92,2049908794,68,140746,,0,3,4,True,False,,,SAFE_LANE,,,188,4300,0,3443,False,,
93,2049908794,16,86698277,,0,5,3,True,False,,,OFF_LANE,,,284,4850,17,3510,False,8291895.0,33
94,2049908794,20,41818582,,3,3,2,True,False,,,SAFE_LANE,,,331,6970,492,3516,False,,
95,2049908794,49,116094746,,8,1,3,False,True,,,MID_LANE,,,521,10825,2651,10188,False,,Supreme
96,2049908794,27,178032556,,1,2,7,False,True,,,SAFE_LANE,,,378,8115,1167,4561,False,,
97,2049908794,64,121769650,,1,2,7,False,True,,,OFF_LANE,,,410,8735,2627,4251,False,0.0,Nisha
98,2049908794,80,62533910,,3,0,7,False,True,,,SAFE_LANE,,,548,12790,3951,7122,False,8055689.0,Exotic_Deer
99,2049908794,85,126884698,,0,2,8,False,True,,,OFF_LANE,,,273,5875,0,1804,False,,
