,isPick,heroId,order,isRadiant,match_id
0,False,,0,True,2049344492
1,False,,1,False,2049344492
2,False,,2,True,2049344492
3,False,,3,False,2049344492
4,True,3.0,4,True,2049344492
5,True,69.0,5,False,2049344492
6,True,39.0,6,False,2049344492
7,True,28.0,7,True,2049344492
8,False,,8,True,2049344492
9,False,,9,False,2049344492
10,False,,10,True,2049344492
11,False,,11,False,2049344492
12,True,31.0,12,False,2049344492
13,True,72.0,13,True,2049344492
14,True,50.0,14,False,2049344492
15,True,73.0,15,True,2049344492
16,False,,16,False,2049344492
17,False,,17,True,2049344492
18,True,15.0,18,False,2049344492
19,True,89.0,19,True,2049344492
20,False,,0,True,2049487960
21,False,,1,False,2049487960
22,False,,2,True,2049487960
23,False,,3,False,2049487960
24,True,91.0,4,True,2049487960
25,True,39.0,5,False,2049487960
26,True,3.0,6,False,2049487960
27,True,81.0,7,True,2049487960
28,False,,8,True,2049487960
29,False,,9,False,2049487960
30,False,,10,True,2049487960
31,False,,11,False,2049487960
32,True,100.0,12,False,2049487960
33,True,87.0,13,True,2049487960
34,True,16.0,14,False,2049487960
35,True,28.0,15,True,2049487960
36,False,,16,False,2049487960
37,False,,17,True,2049487960
38,True,18.0,18,False,2049487960
39,True,69.0,19,True,2049487960
40,False,,0,True,2049512022
41,False,,1,False,2049512022
42,False,,2,True,2049512022
43,False,,3,False,2049512022
44,True,55.0,4,True,2049512022
45,True,87.0,5,False,2049512022
46,True,71.0,6,False,2049512022
47,True,72.0,7,True,2049512022
48,False,,8,True,2049512022
49,False,,9,False,2049512022
50,False,,10,True,2049512022
51,False,,11,False,2049512022
52,True,53.0,12,False,2049512022
53,True,60.0,13,True,2049512022
54,True,22.0,14,False,2049512022
55,True,20.0,15,True,2049512022
56,False,,16,False,2049512022
57,False,,17,True,2049512022
58,True,1.0,18,False,2049512022
59,True,19.0,19,True,2049512022
60,False,,0,True,2049611198
61,False,,1,False,2049611198
62,False,,2,True,2049611198
63,False,,3,False,2049611198
64,True,20.0,4,True,2049611198
65,True,74.0,5,False,2049611198
66,True,25.0,6,False,2049611198
67,True,3.0,7,True,2049611198
68,False,,8,True,2049611198
69,False,,9,False,2049611198
70,False,,10,True,2049611198
71,False,,11,False,2049611198
72,True,27.0,12,False,2049611198
73,True,39.0,13,True,2049611198
74,True,70.0,14,False,2049611198
75,True,71.0,15,True,2049611198
76,False,,16,False,2049611198
77,False,,17,True,2049611198
78,True,29.0,18,False,2049611198
79,True,65.0,19,True,2049611198
80,False,,0,False,2049664745
81,False,,1,True,2049664745
82,False,,2,False,2049664745
83,False,,3,True,2049664745
84,True,74.0,4,False,2049664745
85,True,76.0,5,True,2049664745
86,True,55.0,6,True,2049664745
87,True,88.0,7,False,2049664745
88,False,,8,False,2049664745
89,False,,9,True,2049664745
90,False,,10,False,2049664745
91,False,,11,True,2049664745
92,True,50.0,12,True,2049664745
93,True,20.0,13,False,2049664745
94,True,14.0,14,True,2049664745
95,True,86.0,15,False,2049664745
96,False,,16,True,2049664745
97,False,,17,False,2049664745
98,True,72.0,18,True,2049664745
99,True,1.0,19,False,2049664745
100,False,,0,True,2049756270
101,False,,1,False,2049756270
102,False,,2,True,2049756270
103,False,,3,False,2049756270
104,True,20.0,4,True,2049756270
105,True,25.0,5,False,2049756270
106,True,3.0,6,False,2049756270
107,True,100.0,7,True,2049756270
108,False,,8,True,2049756270
109,False,,9,False,2049756270
110,False,,10,True,2049756270
111,False,,11,False,2049756270
112,True,48.0,12,False,2049756270
113,True,22.0,13,True,2049756270
114,True,53.0,14,False,2049756270
115,True,61.0,15,True,2049756270
116,False,,16,False,2049756270
117,False,,17,True,2049756270
118,True,78.0,18,False,2049756270
119,True,67.0,19,True,2049756270
120,False,,0,False,2049759347
121,False,,1,True,2049759347
122,False,,2,False,2049759347
123,False,,3,True,2049759347
124,True,74.0,4,False,2049759347
125,True,80.0,5,True,2049759347
126,True,20.0,6,True,2049759347
127,True,28.0,7,False,2049759347
128,False,,8,False,2049759347
129,False,,9,True,2049759347
130,False,,10,False,2049759347
131,False,,11,True,2049759347
132,True,3.0,12,True,2049759347
133,True,101.0,13,False,2049759347
134,True,25.0,14,True,2049759347
135,True,62.0,15,False,2049759347
136,False,,16,True,2049759347
137,False,,17,False,2049759347
138,True,66.0,18,True,2049759347
139,True,12.0,19,False,2049759347
140,False,,0,False,2049773936
141,False,,1,True,2049773936
142,False,,2,False,2049773936
143,False,,3,True,2049773936
144,True,71.0,4,False,2049773936
145,True,50.0,5,True,2049773936
146,True,106.0,6,True,2049773936
147,True,28.0,7,False,2049773936
148,False,,8,False,2049773936
149,False,,9,True,2049773936
150,False,,10,False,2049773936
151,False,,11,True,2049773936
152,True,39.0,12,True,2049773936
153,True,87.0,13,False,2049773936
154,True,27.0,14,True,2049773936
155,True,72.0,15,False,2049773936
156,False,,16,True,2049773936
157,False,,17,False,2049773936
158,True,7.0,18,True,2049773936
159,True,92.0,19,False,2049773936
160,False,,0,False,2049837414
161,False,,1,True,2049837414
162,False,,2,False,2049837414
163,False,,3,True,2049837414
164,True,111.0,4,False,2049837414
165,True,97.0,5,True,2049837414
166,True,106.0,6,True,2049837414
167,True,38.0,7,False,2049837414
168,False,,8,False,2049837414
169,False,,9,True,2049837414
170,False,,10,False,2049837414
171,False,,11,True,2049837414
172,True,100.0,12,True,2049837414
173,True,77.0,13,False,2049837414
174,True,25.0,14,True,2049837414
175,True,85.0,15,False,2049837414
176,False,,16,True,2049837414
177,False,,17,False,2049837414
178,True,89.0,18,True,2049837414
179,True,52.0,19,False,2049837414
180,False,,0,True,2049908794
181,False,,1,False,2049908794
182,False,,2,True,2049908794
183,False,,3,False,2049908794
184,True,20.0,4,True,2049908794
185,True,80.0,5,False,2049908794
186,True,64.0,6,False,2049908794
187,True,106.0,7,True,2049908794
188,False,,8,True,2049908794
189,False,,9,False,2049908794
190,False,,10,True,2049908794
191,False,,11,False,2049908794
192,True,85.0,12,False,2049908794
193,True,68.0,13,True,2049908794
194,True,27.0,14,False,2049908794
195,True,89.0,15,True,2049908794
196,False,,16,False,2049908794
197,False,,17,True,2049908794
198,True,49.0,18,False,2049908794
199,True,16.0,19,True,2049908794
